,app
0,com.opq.kid.toycar
1,com.anong.math3second
2,com.rainrockdev.solvesimple
3,com.intermediaware.dinomania
4,com.ihuman.words
5,com.fantastec.bmr2.thirdgrade
6,org.classroad.vocabularybuilder1
7,com.Inidimman.KidsCrossFree
8,com.studypadinc.splashmath.ipad.grade3.lite
9,com.zulleon.pages
10,no.dittdesign.sanit4
11,com.sensoryapphouse.speakuptoo
12,com.tocaboca.tailorfairytales
13,com.atoma.a2homes-kids
14,club.makeithappen.alan.answertowin
15,com.davebage.Hungry-Josh
16,com.coloritbynumbers.color-by-numbers-vehicles-free-ipad
17,com.learnia.spellinggrade3
18,th.co.hardex.BrainKid
19,com.chuchutv.nurseryRhymes
20,com.jidindi.SEGRA
21,com.makkajai.numbersense-fire-water-free
22,com.makkajai.monster-math-free
23,evdo.SortBIGsmall
24,com.fantamstick.playstudyar
25,com.FusedLizard.DuckCleanLite
26,com.cheapappmaker.app4.iosoverview
27,de.woodiehoo.brushingteeth
28,com.tieto.yle.areena.lapset.for.ipad
29,G.test1
30,com.papoworld.apps.summerbeach
31,com.kosmos.monstermaker
32,com.monumentalmath.Hopscotch---Multiplying-Fractions
33,jp.co.ylab.OrikouHiroba
34,com.ihuman.story
35,com.papoworld.apps.playhouse
36,com.omens.leovrsafari
37,com.qimeng.wangwang.shuxue
38,Lyubov-Zhivova.GermanCrosswordsLite
39,net.lifecleansing.dolphintreasurehunt
40,com.beizoy.lolaspinyinparty
41,com.iabuzz.FindAndLearn
42,com.silkroadanimation.bookstoretr
43,com.talespring.carlosbenson.awpeanuts
44,com.saulmorenoabril.skb
45,com.quizcor.BenkyoMathGrade4
46,com.internetdesignzone.grammar
47,com.moonma.shapecolor
48,com.sinyee.babybus.numberwriter
49,biz.arrowstar.acad.funnyfood
50,com.bablux.paradise.BabyChineseWord
51,tv.platomedia.hopsterapp
52,es.kidsandus.TandTHomedIn
53,com.wearecypha.kazoopsworld
54,com.polygonplay.animal-puzzle-game-for-kids
55,net.kidjo.app.ios
56,com.AZNAZGame.ABCforKidsEnglish
57,com.acamar.bingwatchplaylearn
58,com.iappsteam.ChineseFlashCardsHD
59,au.matific.MatificGalaxyK
60,com.brainpop.brainpopesl
61,com.MyFirstApp.MatrixGame2
62,com.mtvn.hdcrimewarpapp
63,com.hht.fruit
64,org.myamericanfarm.MyFarm2
65,com.Kinsane.FruitsVsVeggiesEggStory
66,com.tbd.infantZooLite
67,de.swr.honigbiene.vr
68,com.baby.games
69,net.andregasser.XyloForKids
70,nl.zwijsen.dracula
71,com.alphaweb.smartymyfirstwords
72,cn.2kids.pinYin
73,com.box.huhu
74,com.pixelenvision.carpuzzle
75,com.technophilezone.KFrB
76,com.throwntoys.eigomushi
77,com.pixelenvision.animalpuzzlelite
78,com.sinyee.babybus.babydrawing
79,com.groupebayard.jaimelirestore
80,com.sesameworkshop.elmolovesabcipadlite
81,com.lipalearning.lipabookplanets
82,net.riabinin.engPaint
83,au.matific.MatificGalaxyG6
84,com.brightstart.tracing
85,com.xxy.exploreuniverse
86,com.toyatap.games.tttoyzfree
87,com.jiliguala.ios
88,com.toongoggles.ios
89,skidos.axeman
90,com.hippoios.cafe2
91,com.magisterapp.jurassiclife
92,com.blogdesignstudio.Puzzle-4-Kids---Animals
93,com.wattsenglish.wowvideoapp.MyWow
94,com.hasbro.PlaydohTouchAPPSTORE
95,com.duckduckmoosedesign.puzzlepop
96,com.PepiPlay.KingsCastleLite
97,com.drpanda.town.pet
98,com.kidslisten.pastime
99,liza.cod2
100,se.svt.bolibompa
101,com.nit.mathgames
102,com.freeman.kidpaint
103,com.BiniBambini.NumbersMonstersLite
104,com.redtkids.book1
105,com.blogdesignstudio.Puzzle-4-Kids---Food
106,com.drpanda.restaurant3
107,com.junoapps.worldfables
108,com.lisbonlabs.bedtimestories.dk.hd
